{
  "item-states": [
    {
      "folded": false,
      "id": "mount-assets"
    },
    {
      "folded": false,
      "id": "29f52784-2fca-467b-92e7-8fd9ef8c57b7"
    },
    {
      "folded": false,
      "id": "4734c20c-0db8-4eb2-92ea-e692f4d70934"
    },
    {
      "folded": false,
      "id": "7b81d4e8-ec84-4716-968d-500ac1d78a54"
    },
    {
      "folded": false,
      "id": "0290ea72-4b28-4431-b01f-2e3b4d38328c"
    },
    {
      "folded": false,
      "id": "797c4e13-5d2c-4091-9fc4-700db214e7cd"
    },
    {
      "folded": false,
      "id": "6792520e-35b2-4fc2-928f-5421cfc1d1ea"
    },
    {
      "folded": true,
      "id": "b5c18a73-bbd3-401e-85c6-7508868f0848"
    },
    {
      "folded": true,
      "id": "51294d56-971e-466a-aa88-1e1514edc13c"
    },
    {
      "folded": true,
      "id": "26527007-34f5-4914-bd6e-f4ec6fcc4bac"
    },
    {
      "folded": true,
      "id": "607c59dd-8b22-4591-9f41-0d712aa8726b"
    },
    {
      "folded": true,
      "id": "a5102ef3-8311-4b9b-b876-7e422688b458"
    },
    {
      "folded": true,
      "id": "07c5599d-7f2e-4302-a87d-98a0ffbe0254"
    },
    {
      "folded": true,
      "id": "5bfa2e7d-85bf-4d24-aaa8-98b8577a3dd5"
    },
    {
      "folded": true,
      "id": "9a55d976-752e-40cb-921d-12823fa8f81b"
    },
    {
      "folded": true,
      "id": "8df4e808-3b58-4cc8-be60-f5a8698757ae"
    },
    {
      "folded": true,
      "id": "cef3469f-6811-4c2a-a36f-4e5414f499e1"
    },
    {
      "folded": true,
      "id": "3bddd7b4-3066-479e-8105-b8243aa59b8e"
    },
    {
      "folded": true,
      "id": "e39fbb09-cb46-4edc-9c4c-d3575b3582c1"
    },
    {
      "folded": true,
      "id": "f305dd8d-955b-4835-9243-e166cd5617fe"
    },
    {
      "folded": true,
      "id": "c52e62c7-1426-4ac5-8a41-30fa5f0f4aaa"
    },
    {
      "folded": true,
      "id": "9155d604-3925-47ef-8fad-6ca0e5d70ed6"
    },
    {
      "folded": true,
      "id": "4749bd70-ae45-4f49-a2d5-29ab9ce3812c"
    },
    {
      "folded": true,
      "id": "1879a69e-1fcf-4e5e-976f-6639f76a0d73"
    },
    {
      "folded": true,
      "id": "e643a252-0bfa-4b56-8bba-610f5c3157b0"
    },
    {
      "folded": true,
      "id": "d2a059de-49dd-420b-9c23-1431e0ba4763"
    },
    {
      "folded": true,
      "id": "1f7f84b1-3363-46da-a133-3dda88bbe3e5"
    },
    {
      "folded": true,
      "id": "27145347-aba9-40bb-b2e6-070cc42e203e"
    },
    {
      "folded": true,
      "id": "564d7369-451f-4d55-8baa-56c9a362d7e5"
    },
    {
      "folded": true,
      "id": "53d31527-fbb8-4a39-82b2-e02743bfb9ab"
    },
    {
      "folded": true,
      "id": "7e05fa1a-4633-465b-99dd-9de6409c27d6"
    },
    {
      "folded": true,
      "id": "0f89dc48-42cb-43ab-afcf-7422f39f7070"
    },
    {
      "folded": true,
      "id": "c8c6051f-0cbd-4608-9156-3d63a284b62a"
    },
    {
      "folded": true,
      "id": "607c561b-40a5-4bac-9edf-7463efd1b890"
    },
    {
      "folded": true,
      "id": "8ebd9df5-c429-4060-82a8-c048b8574a0b"
    },
    {
      "folded": true,
      "id": "810abe52-2e81-4982-bb01-b5d38b9a3a5b"
    },
    {
      "folded": true,
      "id": "7d9a63b6-34ef-4669-849b-90013cb1626d"
    },
    {
      "folded": true,
      "id": "f2642e98-5084-4959-ab25-1de2ffe55adb"
    },
    {
      "folded": true,
      "id": "e41cf96e-fc20-4182-9911-4032fea6f308"
    },
    {
      "folded": true,
      "id": "0e5d648e-b24d-4ea6-8fad-db4228888a47"
    },
    {
      "folded": true,
      "id": "38de35f8-bf4e-461e-b123-59c2d21b5a3c"
    },
    {
      "folded": true,
      "id": "aa7830e8-9474-4f92-91cd-6fe1462e656b"
    },
    {
      "folded": true,
      "id": "950855c5-b842-47e9-81de-3a80051c537a"
    },
    {
      "folded": true,
      "id": "b6b33969-b433-4d21-a769-598f1f96e87c"
    },
    {
      "folded": true,
      "id": "8ee46c64-ea26-445d-a012-e10a8e3e5a6d"
    },
    {
      "folded": true,
      "id": "9c959549-5efa-467f-8f85-690cffdfb4aa"
    },
    {
      "folded": true,
      "id": "41c18e36-559e-4dac-88e0-e662e8271f1a"
    },
    {
      "folded": true,
      "id": "6c1e2b39-cf0e-4331-a871-9b81c0fc10ba"
    },
    {
      "folded": true,
      "id": "cec14c12-2013-4653-9a23-24fae74b20fd"
    },
    {
      "folded": true,
      "id": "e9695327-1968-4ef6-9dd9-0971a05fab57"
    },
    {
      "folded": true,
      "id": "6dd0c68f-ed56-44f9-b220-db1ec20d49be"
    },
    {
      "folded": true,
      "id": "865aab86-d16e-4736-b28d-fb35f6d60849"
    },
    {
      "folded": true,
      "id": "6d753ec0-ec05-4179-ae8b-e08b41f53ff0"
    },
    {
      "folded": true,
      "id": "01d3e9d9-a1b6-4309-be9b-d092fe959446"
    },
    {
      "folded": true,
      "id": "92e72859-0e88-4b0d-bd5c-5f1fefd9ab49"
    },
    {
      "folded": true,
      "id": "af28d47b-b2a0-4651-9426-bd8a8f337674"
    },
    {
      "folded": true,
      "id": "3851134d-91ee-4dd8-944e-8ad35c5a5f99"
    },
    {
      "folded": true,
      "id": "01181451-1c18-4fb7-9d5b-cbe6775be763"
    },
    {
      "folded": true,
      "id": "c2b8cb3f-a26e-408b-adee-4d3a3d57a674"
    },
    {
      "folded": true,
      "id": "4dfafa8f-625c-44ad-a731-2e99fe9a3187"
    },
    {
      "folded": true,
      "id": "ae53286e-51fa-470b-abab-5b78bd29ca68"
    },
    {
      "folded": false,
      "id": "8eb53762-487f-4e21-861a-af5954aabe3e"
    },
    {
      "folded": true,
      "id": "e7a9eabc-4cd4-46cc-891c-e257b9515c43"
    },
    {
      "folded": false,
      "id": "fe6e0f13-5da7-493d-811b-52500ec0ca38"
    },
    {
      "folded": false,
      "id": "8dc95f24-3883-489b-902e-8d8b5fb933fd"
    },
    {
      "folded": false,
      "id": "dea02143-bbfc-4851-8ad1-0c63ec9fe68d"
    },
    {
      "folded": true,
      "id": "0f7f3875-1e66-4cc3-9389-db504e6159e8"
    },
    {
      "folded": true,
      "id": "1eba8ba0-3658-4d87-884d-7e7ee0cd70bf"
    },
    {
      "folded": false,
      "id": "84b51de7-5fc5-41b9-8a02-bf1e7f67cbc8"
    },
    {
      "folded": true,
      "id": "80c45e96-5cd1-421a-8b88-d03e3710e179"
    }
  ]
}