{
  "version": "1.1.1",
  "windows": {
    "main": {
      "main": true,
      "url": "app://editor/index.html",
      "windowType": "dockable",
      "x": 0,
      "y": 23,
      "width": 1280,
      "height": 716,
      "layout": {
        "children": [
          {
            "children": [
              {
                "active": 0,
                "children": [
                  "hierarchy"
                ],
                "height": 226,
                "type": "panel",
                "width": 204
              },
              {
                "active": 0,
                "children": [
                  "assets"
                ],
                "height": 395.984375,
                "type": "panel",
                "width": 204
              }
            ],
            "height": 625,
            "type": "dock-v",
            "width": 204
          },
          {
            "children": [
              {
                "children": [
                  {
                    "active": 0,
                    "children": [
                      "scene"
                    ],
                    "height": 396,
                    "type": "panel",
                    "width": 552.984375
                  },
                  {
                    "active": 0,
                    "children": [
                      "node-library"
                    ],
                    "height": 396,
                    "type": "panel",
                    "width": 204
                  }
                ],
                "height": 396,
                "type": "dock-h",
                "width": 760
              },
              {
                "active": 0,
                "children": [
                  "console",
                  "timeline"
                ],
                "height": 226,
                "type": "panel",
                "width": 760
              }
            ],
            "height": 625,
            "type": "dock-v",
            "width": 760
          },
          {
            "active": 0,
            "children": [
              "inspector"
            ],
            "height": 625,
            "type": "panel",
            "width": 304
          }
        ],
        "type": "dock-h"
      },
      "panels": [
        "node-library",
        "console",
        "inspector",
        "hierarchy",
        "assets",
        "scene",
        "timeline"
      ]
    }
  },
  "panels": {
    "assets": {
      "x": 3,
      "y": 603,
      "width": 250,
      "height": 265
    },
    "sprite-editor": {
      "x": 702,
      "y": 178,
      "width": 516,
      "height": 539
    },
    "preferences": {
      "x": 1050,
      "y": 266,
      "width": 580,
      "height": 565
    }
  }
}