{
  "f8e6b000-5643-4b86-9080-aa680ce1f599": {
    "asset": 1520938021000,
    "meta": 1520938021000,
    "relativePath": "image"
  },
  "71561142-4c83-4933-afca-cb7a17f67053": {
    "asset": 1520938021000,
    "meta": 1525185118758,
    "relativePath": "image/default_btn_disabled.png"
  },
  "e851e89b-faa2-4484-bea6-5c01dd9f06e2": {
    "asset": 1520938021000,
    "meta": 1525185118759,
    "relativePath": "image/default_btn_normal.png"
  },
  "b43ff3c2-02bb-4874-81f7-f2dea6970f18": {
    "asset": 1520938021000,
    "meta": 1525185118786,
    "relativePath": "image/default_btn_pressed.png"
  },
  "d81ec8ad-247c-4e62-aa3c-d35c4193c7af": {
    "asset": 1520938021000,
    "meta": 1525185118784,
    "relativePath": "image/default_panel.png"
  },
  "99170b0b-d210-46f1-b213-7d9e3f23098a": {
    "asset": 1520938021000,
    "meta": 1525185118808,
    "relativePath": "image/default_progressbar_bg.png"
  },
  "cfef78f1-c8df-49b7-8ed0-4c953ace2621": {
    "asset": 1520938021000,
    "meta": 1525185118812,
    "relativePath": "image/default_progressbar.png"
  },
  "567dcd80-8bf4-4535-8a5a-313f1caf078a": {
    "asset": 1520938021000,
    "meta": 1525185118830,
    "relativePath": "image/default_radio_button_off.png"
  },
  "9d60001f-b5f4-4726-a629-2659e3ded0b8": {
    "asset": 1520938021000,
    "meta": 1525185118832,
    "relativePath": "image/default_radio_button_on.png"
  },
  "4bab67cb-18e6-4099-b840-355f0473f890": {
    "asset": 1520938021000,
    "meta": 1525185118851,
    "relativePath": "image/default_scrollbar_bg.png"
  },
  "617323dd-11f4-4dd3-8eec-0caf6b3b45b9": {
    "asset": 1520938021000,
    "meta": 1525185118858,
    "relativePath": "image/default_scrollbar_vertical_bg.png"
  },
  "d6d3ca85-4681-47c1-b5dd-d036a9d39ea2": {
    "asset": 1520938021000,
    "meta": 1525185118868,
    "relativePath": "image/default_scrollbar_vertical.png"
  },
  "0291c134-b3da-4098-b7b5-e397edbe947f": {
    "asset": 1520938021000,
    "meta": 1525185118875,
    "relativePath": "image/default_scrollbar.png"
  },
  "0275e94c-56a7-410f-bd1a-fc7483f7d14a": {
    "asset": 1520938021000,
    "meta": 1525185118881,
    "relativePath": "image/default_sprite_splash.png"
  },
  "6e056173-d285-473c-b206-40a7fff5386e": {
    "asset": 1520938021000,
    "meta": 1525185118892,
    "relativePath": "image/default_sprite.png"
  },
  "73a0903d-d80e-4e3c-aa67-f999543c08f5": {
    "asset": 1520938021000,
    "meta": 1525185118897,
    "relativePath": "image/default_toggle_checkmark.png"
  },
  "c25b9d50-c8fc-4d27-beeb-6e7c1f2e5c0f": {
    "asset": 1520938021000,
    "meta": 1525185118914,
    "relativePath": "image/default_toggle_disabled.png"
  },
  "d29077ba-1627-4a72-9579-7b56a235340c": {
    "asset": 1520938021000,
    "meta": 1525185118921,
    "relativePath": "image/default_toggle_normal.png"
  },
  "b181c1e4-0a72-4a91-bfb0-ae6f36ca60bd": {
    "asset": 1520938021000,
    "meta": 1525185118928,
    "relativePath": "image/default_toggle_pressed.png"
  },
  "fc09f9bd-2cce-4605-b630-8145ef809ed6": {
    "asset": 1520938021000,
    "meta": 1520938021000,
    "relativePath": "misc"
  },
  "2be36297-9abb-4fee-8049-9ed5e271da8a": {
    "asset": 1520938021000,
    "meta": 1520938021000,
    "relativePath": "misc/default_video.mp4"
  },
  "f6e6dd15-71d1-4ffe-ace7-24fd39942c05": {
    "asset": 1520938021000,
    "meta": 1520938021000,
    "relativePath": "obsolete"
  },
  "b8223619-7e38-47c4-841f-9160c232495a": {
    "asset": 1520938021000,
    "meta": 1520938021000,
    "relativePath": "obsolete/atom.plist"
  },
  "f743d2b6-b7ea-4c14-a55b-547ed4d0a045": {
    "asset": 1520938021000,
    "meta": 1520938021000,
    "relativePath": "particle"
  },
  "b2687ac4-099e-403c-a192-ff477686f4f5": {
    "asset": 1520938021000,
    "meta": 1520938021000,
    "relativePath": "particle/atom.plist"
  },
  "ae6c6c98-11e4-452f-8758-75f5c6a56e83": {
    "asset": 1520938021000,
    "meta": 1520938021000,
    "relativePath": "prefab"
  },
  "972b9a4d-47ee-4c74-b5c3-61d8a69bc29f": {
    "asset": 1520938021000,
    "meta": 1525185118939,
    "relativePath": "prefab/button.prefab"
  },
  "2c937608-2562-40ea-b264-7395df6f0cea": {
    "asset": 1520938021000,
    "meta": 1525185118938,
    "relativePath": "prefab/canvas.prefab"
  },
  "61aeb05b-3b32-452b-8eed-2b76deeed554": {
    "asset": 1520938021000,
    "meta": 1525185118942,
    "relativePath": "prefab/editbox.prefab"
  },
  "27756ebb-3d33-44b0-9b96-e858fadd4dd4": {
    "asset": 1520938021000,
    "meta": 1525185118943,
    "relativePath": "prefab/label.prefab"
  },
  "785a442c-3ceb-45be-a46e-7317f625f3b9": {
    "asset": 1520938021000,
    "meta": 1525185118960,
    "relativePath": "prefab/layout.prefab"
  },
  "ca8401fe-ad6e-41a8-bd46-8e3e4e9945be": {
    "asset": 1520938021000,
    "meta": 1525185118961,
    "relativePath": "prefab/pageview.prefab"
  },
  "cd33edea-55f5-46c2-958d-357a01384a36": {
    "asset": 1520938021000,
    "meta": 1525185118964,
    "relativePath": "prefab/particlesystem.prefab"
  },
  "5965ffac-69da-4b55-bcde-9225d0613c28": {
    "asset": 1520938021000,
    "meta": 1525185118965,
    "relativePath": "prefab/progressBar.prefab"
  },
  "4a37dd57-78cd-4cec-aad4-f11a73d12b63": {
    "asset": 1520938021000,
    "meta": 1525185118967,
    "relativePath": "prefab/richtext.prefab"
  },
  "32044bd2-481f-4cf1-a656-e2b2fb1594eb": {
    "asset": 1520938021000,
    "meta": 1525185118969,
    "relativePath": "prefab/scrollview.prefab"
  },
  "0004d1cf-a0ad-47d8-ab17-34d3db9d35a3": {
    "asset": 1520938021000,
    "meta": 1525185118972,
    "relativePath": "prefab/slider.prefab"
  },
  "1f55e3be-b89b-4b79-88de-47fd31018044": {
    "asset": 1520938021000,
    "meta": 1525185118973,
    "relativePath": "prefab/sprite_splash.prefab"
  },
  "96083d03-c332-4a3f-9386-d03e2d19e8ee": {
    "asset": 1520938021000,
    "meta": 1525185118975,
    "relativePath": "prefab/sprite.prefab"
  },
  "7de03a80-4457-438d-95a7-3e7cdffd6086": {
    "asset": 1520938021000,
    "meta": 1525185118976,
    "relativePath": "prefab/tiledmap.prefab"
  },
  "0d784963-d024-4ea6-a7db-03be0ad63010": {
    "asset": 1520938021000,
    "meta": 1525185118980,
    "relativePath": "prefab/toggle.prefab"
  },
  "bf0a434c-84dd-4a8e-a08a-7a36f180cc75": {
    "asset": 1520938021000,
    "meta": 1525185118981,
    "relativePath": "prefab/toggleContainer.prefab"
  },
  "d1b8be49-b0a0-435c-83b7-552bed4bbe35": {
    "asset": 1520938021000,
    "meta": 1525185118985,
    "relativePath": "prefab/toggleGroup.prefab"
  },
  "232d2782-c4bd-4bb4-9e01-909f03d6d3b9": {
    "asset": 1520938021000,
    "meta": 1525185118987,
    "relativePath": "prefab/videoplayer.prefab"
  },
  "8c5001fd-07ee-4a4b-a8a0-63e15195e94d": {
    "asset": 1520938021000,
    "meta": 1525185118990,
    "relativePath": "prefab/webview.prefab"
  },
  "29f52784-2fca-467b-92e7-8fd9ef8c57b7": {
    "asset": 1525185086270,
    "meta": 1521112674000,
    "relativePath": "Scene"
  },
  "4734c20c-0db8-4eb2-92ea-e692f4d70934": {
    "asset": 1525185086275,
    "meta": 1521112674000,
    "relativePath": "Script"
  },
  "7b81d4e8-ec84-4716-968d-500ac1d78a54": {
    "asset": 1525185085513,
    "meta": 1521112674000,
    "relativePath": "prefabs"
  },
  "14bf1f42-01d2-4954-9c59-881ec2166363": {
    "asset": 1521622438000,
    "meta": 1525185121094,
    "relativePath": "Scene/gamescene.fire"
  },
  "0290ea72-4b28-4431-b01f-2e3b4d38328c": {
    "asset": 1525185086230,
    "meta": 1521288040000,
    "relativePath": "resources"
  },
  "730ffde7-35bb-4e24-bf9f-ffd3b0279fbd": {
    "asset": 1521288082000,
    "meta": 1525185121798,
    "relativePath": "Script/game-controller.js"
  },
  "6de1a357-aa73-4727-a1a5-f7d567b2cb34": {
    "asset": 1521288602000,
    "meta": 1525185119232,
    "relativePath": "prefabs/main-world.prefab"
  },
  "38f44668-df1d-4266-b18b-46fc2dd0b0a6": {
    "asset": 1521288610000,
    "meta": 1525185121608,
    "relativePath": "Script/first-page.js"
  },
  "6792520e-35b2-4fc2-928f-5421cfc1d1ea": {
    "asset": 1525185086267,
    "meta": 1521302862000,
    "relativePath": "resources/textures"
  },
  "b5c18a73-bbd3-401e-85c6-7508868f0848": {
    "asset": 1525185086222,
    "meta": 1521303000000,
    "relativePath": "resources/background"
  },
  "4749bd70-ae45-4f49-a2d5-29ab9ce3812c": {
    "asset": 1521303046000,
    "meta": 1525185120564,
    "relativePath": "resources/background/47.png"
  },
  "e39fbb09-cb46-4edc-9c4c-d3575b3582c1": {
    "asset": 1521303046000,
    "meta": 1525185119356,
    "relativePath": "resources/background/11.png"
  },
  "d2a059de-49dd-420b-9c23-1431e0ba4763": {
    "asset": 1521303046000,
    "meta": 1525185119413,
    "relativePath": "resources/background/13.png"
  },
  "564d7369-451f-4d55-8baa-56c9a362d7e5": {
    "asset": 1521303046000,
    "meta": 1525185119481,
    "relativePath": "resources/background/16.png"
  },
  "27145347-aba9-40bb-b2e6-070cc42e203e": {
    "asset": 1521303046000,
    "meta": 1525185119479,
    "relativePath": "resources/background/15.png"
  },
  "0f89dc48-42cb-43ab-afcf-7422f39f7070": {
    "asset": 1521303046000,
    "meta": 1525185119589,
    "relativePath": "resources/background/19.png"
  },
  "8ebd9df5-c429-4060-82a8-c048b8574a0b": {
    "asset": 1521303046000,
    "meta": 1525185119649,
    "relativePath": "resources/background/21.png"
  },
  "7d9a63b6-34ef-4669-849b-90013cb1626d": {
    "asset": 1521303046000,
    "meta": 1525185119694,
    "relativePath": "resources/background/23.png"
  },
  "7e05fa1a-4633-465b-99dd-9de6409c27d6": {
    "asset": 1521303046000,
    "meta": 1525185119540,
    "relativePath": "resources/background/18.png"
  },
  "810abe52-2e81-4982-bb01-b5d38b9a3a5b": {
    "asset": 1521303046000,
    "meta": 1525185119685,
    "relativePath": "resources/background/22.png"
  },
  "e41cf96e-fc20-4182-9911-4032fea6f308": {
    "asset": 1521303046000,
    "meta": 1525185119743,
    "relativePath": "resources/background/25.png"
  },
  "0e5d648e-b24d-4ea6-8fad-db4228888a47": {
    "asset": 1521303046000,
    "meta": 1525185119774,
    "relativePath": "resources/background/26.png"
  },
  "3bddd7b4-3066-479e-8105-b8243aa59b8e": {
    "asset": 1521303046000,
    "meta": 1525185119842,
    "relativePath": "resources/background/29.png"
  },
  "9c959549-5efa-467f-8f85-690cffdfb4aa": {
    "asset": 1521303046000,
    "meta": 1525185119943,
    "relativePath": "resources/background/32.png"
  },
  "b6b33969-b433-4d21-a769-598f1f96e87c": {
    "asset": 1521303046000,
    "meta": 1525185119887,
    "relativePath": "resources/background/30.png"
  },
  "cec14c12-2013-4653-9a23-24fae74b20fd": {
    "asset": 1521303046000,
    "meta": 1525185120209,
    "relativePath": "resources/background/35.png"
  },
  "6d753ec0-ec05-4179-ae8b-e08b41f53ff0": {
    "asset": 1521303046000,
    "meta": 1525185120310,
    "relativePath": "resources/background/39.png"
  },
  "c8c6051f-0cbd-4608-9156-3d63a284b62a": {
    "asset": 1521303046000,
    "meta": 1525185120549,
    "relativePath": "resources/background/46.png"
  },
  "cef3469f-6811-4c2a-a36f-4e5414f499e1": {
    "asset": 1521303046000,
    "meta": 1525185120781,
    "relativePath": "resources/background/9.png"
  },
  "e643a252-0bfa-4b56-8bba-610f5c3157b0": {
    "asset": 1521303046000,
    "meta": 1525185119362,
    "relativePath": "resources/background/12.png"
  },
  "950855c5-b842-47e9-81de-3a80051c537a": {
    "asset": 1521303046000,
    "meta": 1525185120508,
    "relativePath": "resources/background/45.png"
  },
  "07c5599d-7f2e-4302-a87d-98a0ffbe0254": {
    "asset": 1521303046000,
    "meta": 1525185120694,
    "relativePath": "resources/background/6.png"
  },
  "a5102ef3-8311-4b9b-b876-7e422688b458": {
    "asset": 1521303046000,
    "meta": 1525185120722,
    "relativePath": "resources/background/7.png"
  },
  "1f7f84b1-3363-46da-a133-3dda88bbe3e5": {
    "asset": 1521303046000,
    "meta": 1525185119415,
    "relativePath": "resources/background/14.png"
  },
  "aa7830e8-9474-4f92-91cd-6fe1462e656b": {
    "asset": 1521303046000,
    "meta": 1525185119819,
    "relativePath": "resources/background/28.png"
  },
  "f2642e98-5084-4959-ab25-1de2ffe55adb": {
    "asset": 1521303046000,
    "meta": 1525185119730,
    "relativePath": "resources/background/24.png"
  },
  "8ee46c64-ea26-445d-a012-e10a8e3e5a6d": {
    "asset": 1521303046000,
    "meta": 1525185119918,
    "relativePath": "resources/background/31.png"
  },
  "41c18e36-559e-4dac-88e0-e662e8271f1a": {
    "asset": 1521303046000,
    "meta": 1525185119978,
    "relativePath": "resources/background/33.png"
  },
  "e9695327-1968-4ef6-9dd9-0971a05fab57": {
    "asset": 1521303046000,
    "meta": 1525185120210,
    "relativePath": "resources/background/36.png"
  },
  "6c1e2b39-cf0e-4331-a871-9b81c0fc10ba": {
    "asset": 1521303046000,
    "meta": 1525185119992,
    "relativePath": "resources/background/34.png"
  },
  "92e72859-0e88-4b0d-bd5c-5f1fefd9ab49": {
    "asset": 1521303046000,
    "meta": 1525185120366,
    "relativePath": "resources/background/40.png"
  },
  "865aab86-d16e-4736-b28d-fb35f6d60849": {
    "asset": 1521303046000,
    "meta": 1525185120271,
    "relativePath": "resources/background/38.png"
  },
  "af28d47b-b2a0-4651-9426-bd8a8f337674": {
    "asset": 1521303046000,
    "meta": 1525185120379,
    "relativePath": "resources/background/41.png"
  },
  "3851134d-91ee-4dd8-944e-8ad35c5a5f99": {
    "asset": 1521303046000,
    "meta": 1525185120422,
    "relativePath": "resources/background/42.png"
  },
  "9a55d976-752e-40cb-921d-12823fa8f81b": {
    "asset": 1521303046000,
    "meta": 1525185120325,
    "relativePath": "resources/background/4.png"
  },
  "26527007-34f5-4914-bd6e-f4ec6fcc4bac": {
    "asset": 1521303046000,
    "meta": 1525185119596,
    "relativePath": "resources/background/2.png"
  },
  "1879a69e-1fcf-4e5e-976f-6639f76a0d73": {
    "asset": 1521303046000,
    "meta": 1525185119304,
    "relativePath": "resources/background/10.png"
  },
  "53d31527-fbb8-4a39-82b2-e02743bfb9ab": {
    "asset": 1521303046000,
    "meta": 1525185119545,
    "relativePath": "resources/background/17.png"
  },
  "607c561b-40a5-4bac-9edf-7463efd1b890": {
    "asset": 1521303046000,
    "meta": 1525185119638,
    "relativePath": "resources/background/20.png"
  },
  "6dd0c68f-ed56-44f9-b220-db1ec20d49be": {
    "asset": 1521303046000,
    "meta": 1525185120261,
    "relativePath": "resources/background/37.png"
  },
  "607c59dd-8b22-4591-9f41-0d712aa8726b": {
    "asset": 1521303046000,
    "meta": 1525185119301,
    "relativePath": "resources/background/1.png"
  },
  "01d3e9d9-a1b6-4309-be9b-d092fe959446": {
    "asset": 1521303046000,
    "meta": 1525185120494,
    "relativePath": "resources/background/44.png"
  },
  "38de35f8-bf4e-461e-b123-59c2d21b5a3c": {
    "asset": 1521303046000,
    "meta": 1525185119794,
    "relativePath": "resources/background/27.png"
  },
  "01181451-1c18-4fb7-9d5b-cbe6775be763": {
    "asset": 1521303046000,
    "meta": 1525185120439,
    "relativePath": "resources/background/43.png"
  },
  "9155d604-3925-47ef-8fad-6ca0e5d70ed6": {
    "asset": 1521303046000,
    "meta": 1525185120601,
    "relativePath": "resources/background/48.png"
  },
  "5bfa2e7d-85bf-4d24-aaa8-98b8577a3dd5": {
    "asset": 1521303046000,
    "meta": 1525185120648,
    "relativePath": "resources/background/5.png"
  },
  "8df4e808-3b58-4cc8-be60-f5a8698757ae": {
    "asset": 1521303046000,
    "meta": 1525185120738,
    "relativePath": "resources/background/8.png"
  },
  "c52e62c7-1426-4ac5-8a41-30fa5f0f4aaa": {
    "asset": 1521303046000,
    "meta": 1525185120615,
    "relativePath": "resources/background/49.png"
  },
  "51294d56-971e-466a-aa88-1e1514edc13c": {
    "asset": 1521303046000,
    "meta": 1525185119867,
    "relativePath": "resources/background/3.png"
  },
  "f305dd8d-955b-4835-9243-e166cd5617fe": {
    "asset": 1521303048000,
    "meta": 1525185120671,
    "relativePath": "resources/background/50.png"
  },
  "797c4e13-5d2c-4091-9fc4-700db214e7cd": {
    "asset": 1525185086228,
    "meta": 1521303308000,
    "relativePath": "resources/font"
  },
  "dd12037d-cfc9-4afd-8f8a-0eea221af121": {
    "asset": 1521621656000,
    "meta": 1525185120747,
    "relativePath": "resources/font/Play-Regular_90.ttf"
  },
  "9202b460-2783-4801-8260-857b222f765c": {
    "asset": 1521622206000,
    "meta": 1525185121803,
    "relativePath": "Script/main-page.js"
  },
  "d5608bd3-1e99-44aa-9294-d110f12f338e": {
    "asset": 1525292491199,
    "meta": 1525292491233,
    "relativePath": "Scene/main-scene.fire"
  },
  "84b51de7-5fc5-41b9-8a02-bf1e7f67cbc8": {
    "asset": 1525183060000,
    "meta": 1525185121873,
    "relativePath": "resources/textures/1000_common_button_.plist"
  },
  "80c45e96-5cd1-421a-8b88-d03e3710e179": {
    "asset": 1525183060000,
    "meta": 1525185121879,
    "relativePath": "resources/textures/1000_common_button_2.plist"
  },
  "1eba8ba0-3658-4d87-884d-7e7ee0cd70bf": {
    "asset": 1525183060000,
    "meta": 1525185120927,
    "relativePath": "resources/textures/1000_common_button_2.png"
  },
  "0f7f3875-1e66-4cc3-9389-db504e6159e8": {
    "asset": 1525183060000,
    "meta": 1525185120936,
    "relativePath": "resources/textures/1000_common_button_.png"
  },
  "dea02143-bbfc-4851-8ad1-0c63ec9fe68d": {
    "asset": 1525183082000,
    "meta": 1525185121892,
    "relativePath": "resources/textures/button_label.plist"
  },
  "e7a9eabc-4cd4-46cc-891c-e257b9515c43": {
    "asset": 1525183082000,
    "meta": 1525185121010,
    "relativePath": "resources/textures/button_label.png"
  },
  "fe6e0f13-5da7-493d-811b-52500ec0ca38": {
    "asset": 1525183630000,
    "meta": 1525185121905,
    "relativePath": "resources/textures/cmn_header.plist"
  },
  "c2b8cb3f-a26e-408b-adee-4d3a3d57a674": {
    "asset": 1525183630000,
    "meta": 1525185121022,
    "relativePath": "resources/textures/cmn_header.png"
  },
  "8dc95f24-3883-489b-902e-8d8b5fb933fd": {
    "asset": 1525183738000,
    "meta": 1525185121916,
    "relativePath": "resources/textures/cmn_loading.plist"
  },
  "ae53286e-51fa-470b-abab-5b78bd29ca68": {
    "asset": 1525183738000,
    "meta": 1525185121091,
    "relativePath": "resources/textures/cmn_loading.png"
  },
  "8eb53762-487f-4e21-861a-af5954aabe3e": {
    "asset": 1525183750000,
    "meta": 1525185121942,
    "relativePath": "resources/textures/cmn_window.plist"
  },
  "4dfafa8f-625c-44ad-a731-2e99fe9a3187": {
    "asset": 1525183750000,
    "meta": 1525185121583,
    "relativePath": "resources/textures/cmn_window.png"
  }
}